[
   {
      "joints_vis": [
         1,
         1,
         1,
         1,
         1,
         1,
         1,
         1,
         1,
         1,
         1,
         1,
         1,
         1,
         1,
         1
      ],
      "joints": [
         [
            620.0,
            394.0
         ],
         [
            616.0,
            269.0
         ],
         [
            573.0,
            185.0
         ],
         [
            647.0,
            188.0
         ],
         [
            661.0,
            221.0
         ],
         [
            656.0,
            231.0
         ],
         [
            610.0,
            187.0
         ],
         [
            647.0,
            176.0
         ],
         [
            637.0201,
            189.8183
         ],
         [
            695.9799,
            108.1817
         ],
         [
            606.0,
            217.0
         ],
         [
            553.0,
            161.0
         ],
         [
            601.0,
            167.0
         ],
         [
            692.0,
            185.0
         ],
         [
            693.0,
            240.0
         ],
         [
            688.0,
            313.0
         ]
      ],
      "image": "015601864.jpg",
      "scale": 3.021046,
      "center": [
         594.0,
         257.0
      ]
   },
   {
      "joints_vis": [
         1,
         1,
         1,
         1,
         1,
         1,
         1,
         1,
         1,
         1,
         1,
         1,
         1,
         1,
         1,
         1
      ],
      "joints": [
         [
            895.0,
            293.0
         ],
         [
            910.0,
            279.0
         ],
         [
            945.0,
            223.0
         ],
         [
            1012.0,
            218.0
         ],
         [
            961.0,
            315.0
         ],
         [
            960.0,
            403.0
         ],
         [
            979.0,
            221.0
         ],
         [
            906.0,
            190.0
         ],
         [
            912.4915,
            190.6586
         ],
         [
            830.5085,
            182.3414
         ],
         [
            871.0,
            304.0
         ],
         [
            883.0,
            229.0
         ],
         [
            888.0,
            174.0
         ],
         [
            924.0,
            206.0
         ],
         [
            1013.0,
            203.0
         ],
         [
            955.0,
            263.0
         ]
      ],
      "image": "015601864.jpg",
      "scale": 2.472117,
      "center": [
         952.0,
         222.0
      ]
   },
   {
      "joints_vis": [
         0,
         0,
         1,
         1,
         0,
         0,
         1,
         1,
         1,
         1,
         1,
         1,
         1,
         1,
         1,
         1
      ],
      "joints": [
         [
            -1.0,
            -1.0
         ],
         [
            -1.0,
            -1.0
         ],
         [
            806.0,
            543.0
         ],
         [
            720.0,
            593.0
         ],
         [
            -1.0,
            -1.0
         ],
         [
            -1.0,
            -1.0
         ],
         [
            763.0,
            568.0
         ],
         [
            683.0,
            290.0
         ],
         [
            682.0,
            256.0
         ],
         [
            676.0,
            68.0
         ],
         [
            563.0,
            296.0
         ],
         [
            555.0,
            410.0
         ],
         [
            647.0,
            281.0
         ],
         [
            719.0,
            299.0
         ],
         [
            711.0,
            516.0
         ],
         [
            545.0,
            466.0
         ]
      ],
      "image": "015599452.jpg",
      "scale": 5.641276,
      "center": [
         619.0,
         329.0
      ]
   },
   {
      "joints_vis": [
         0,
         0,
         1,
         1,
         0,
         0,
         1,
         1,
         1,
         1,
         1,
         1,
         1,
         1,
         1,
         1
      ],
      "joints": [
         [
            -1.0,
            -1.0
         ],
         [
            -1.0,
            -1.0
         ],
         [
            987.0,
            607.0
         ],
         [
            1194.0,
            571.0
         ],
         [
            -1.0,
            -1.0
         ],
         [
            -1.0,
            -1.0
         ],
         [
            1091.0,
            589.0
         ],
         [
            1038.0,
            292.0
         ],
         [
            1025.0,
            261.0
         ],
         [
            947.0,
            74.0
         ],
         [
            914.0,
            539.0
         ],
         [
            955.0,
            470.0
         ],
         [
            931.0,
            315.0
         ],
         [
            1145.0,
            269.0
         ],
         [
            1226.0,
            475.0
         ],
         [
            1096.0,
            433.0
         ]
      ],
      "image": "015599452.jpg",
      "scale": 6.071051,
      "center": [
         1010.0,
         412.0
      ]
   },
   {
      "joints_vis": [
         0,
         0,
         1,
         1,
         0,
         0,
         1,
         1,
         1,
         1,
         1,
         1,
         1,
         1,
         1,
         0
      ],
      "joints": [
         [
            -1.0,
            -1.0
         ],
         [
            -1.0,
            -1.0
         ],
         [
            228.0,
            537.0
         ],
         [
            74.0,
            536.0
         ],
         [
            -1.0,
            -1.0
         ],
         [
            -1.0,
            -1.0
         ],
         [
            151.0,
            537.0
         ],
         [
            129.0,
            251.0
         ],
         [
            123.0,
            218.0
         ],
         [
            89.0,
            31.0
         ],
         [
            220.0,
            373.0
         ],
         [
            297.0,
            456.0
         ],
         [
            232.0,
            251.0
         ],
         [
            26.0,
            251.0
         ],
         [
            26.0,
            423.0
         ],
         [
            -1.0,
            -1.0
         ]
      ],
      "image": "015599452.jpg",
      "scale": 5.728162,
      "center": [
         133.0,
         315.0
      ]
   },
   {
      "joints_vis": [
         1,
         1,
         1,
         1,
         1,
         1,
         1,
         1,
         1,
         1,
         1,
         1,
         1,
         1,
         1,
         1
      ],
      "joints": [
         [
            301.0,
            461.0
         ],
         [
            305.0,
            375.0
         ],
         [
            201.0,
            340.0
         ],
         [
            294.0,
            342.0
         ],
         [
            335.0,
            370.0
         ],
         [
            331.0,
            455.0
         ],
         [
            248.0,
            341.0
         ],
         [
            279.0,
            263.0
         ],
         [
            277.021,
            268.7786
         ],
         [
            305.979,
            184.2214
         ],
         [
            328.0,
            354.0
         ],
         [
            260.0,
            335.0
         ],
         [
            244.0,
            261.0
         ],
         [
            314.0,
            264.0
         ],
         [
            327.0,
            320.0
         ],
         [
            362.0,
            346.0
         ]
      ],
      "image": "086617615.jpg",
      "scale": 2.681349,
      "center": [
         291.0,
         353.0
      ]
   },
   {
      "joints_vis": [
         1,
         1,
         1,
         1,
         1,
         1,
         1,
         1,
         1,
         1,
         1,
         1,
         1,
         1,
         1,
         1
      ],
      "joints": [
         [
            515.0,
            512.0
         ],
         [
            514.0,
            420.0
         ],
         [
            406.0,
            388.0
         ],
         [
            392.0,
            360.0
         ],
         [
            493.0,
            434.0
         ],
         [
            518.0,
            504.0
         ],
         [
            399.0,
            374.0
         ],
         [
            498.0,
            317.0
         ],
         [
            504.5953,
            315.1758
         ],
         [
            585.4047,
            292.8242
         ],
         [
            628.0,
            426.0
         ],
         [
            551.0,
            398.0
         ],
         [
            501.0,
            351.0
         ],
         [
            495.0,
            282.0
         ],
         [
            425.0,
            301.0
         ],
         [
            483.0,
            334.0
         ]
      ],
      "image": "086617615.jpg",
      "scale": 2.51531,
      "center": [
         472.0,
         377.0
      ]
   },
   {
      "joints_vis": [
         1,
         1,
         1,
         1,
         1,
         1,
         1,
         1,
         1,
         1,
         1,
         1,
         1,
         1,
         1,
         1
      ],
      "joints": [
         [
            980.0,
            322.0
         ],
         [
            896.0,
            318.0
         ],
         [
            865.0,
            248.0
         ],
         [
            943.0,
            226.0
         ],
         [
            948.0,
            290.0
         ],
         [
            881.0,
            349.0
         ],
         [
            904.0,
            237.0
         ],
         [
            858.0,
            135.0
         ],
         [
            871.1877,
            180.4244
         ],
         [
            835.8123,
            58.5756
         ],
         [
            772.0,
            294.0
         ],
         [
            754.0,
            247.0
         ],
         [
            792.0,
            147.0
         ],
         [
            923.0,
            123.0
         ],
         [
            995.0,
            163.0
         ],
         [
            961.0,
            223.0
         ]
      ],
      "image": "060111501.jpg",
      "scale": 3.806403,
      "center": [
         897.0,
         171.0
      ]
   },
   {
      "joints_vis": [
         1,
         1,
         1,
         1,
         0,
         1,
         1,
         1,
         1,
         1,
         1,
         1,
         1,
         1,
         1,
         1
      ],
      "joints": [
         [
            461.0,
            398.0
         ],
         [
            509.0,
            335.0
         ],
         [
            517.0,
            218.0
         ],
         [
            570.0,
            203.0
         ],
         [
            -1.0,
            -1.0
         ],
         [
            568.0,
            309.0
         ],
         [
            544.0,
            211.0
         ],
         [
            620.0,
            273.0
         ],
         [
            614.0,
            267.0
         ],
         [
            668.0,
            326.0
         ],
         [
            537.0,
            288.0
         ],
         [
            503.0,
            234.0
         ],
         [
            587.0,
            280.0
         ],
         [
            652.0,
            265.0
         ],
         [
            636.0,
            356.0
         ],
         [
            621.0,
            417.0
         ]
      ],
      "image": "070807258.jpg",
      "scale": 2.40012,
      "center": [
         582.0,
         268.0
      ]
   },
   {
      "joints_vis": [
         1,
         1,
         1,
         1,
         1,
         1,
         1,
         1,
         1,
         1,
         1,
         1,
         1,
         1,
         1,
         1
      ],
      "joints": [
         [
            896.0,
            436.0
         ],
         [
            875.0,
            397.0
         ],
         [
            885.0,
            295.0
         ],
         [
            852.0,
            363.0
         ],
         [
            797.0,
            442.0
         ],
         [
            823.0,
            505.0
         ],
         [
            869.0,
            329.0
         ],
         [
            737.0,
            323.0
         ],
         [
            719.0,
            326.0
         ],
         [
            648.0,
            338.0
         ],
         [
            804.0,
            305.0
         ],
         [
            804.0,
            237.0
         ],
         [
            741.0,
            285.0
         ],
         [
            732.0,
            361.0
         ],
         [
            758.0,
            411.0
         ],
         [
            757.0,
            485.0
         ]
      ],
      "image": "070807258.jpg",
      "scale": 2.155328,
      "center": [
         765.0,
         394.0
      ]
   },
   {
      "joints_vis": [
         1,
         1,
         1,
         1,
         1,
         1,
         1,
         1,
         1,
         1,
         1,
         1,
         1,
         1,
         1,
         1
      ],
      "joints": [
         [
            918.0,
            456.0
         ],
         [
            659.0,
            518.0
         ],
         [
            713.0,
            413.0
         ],
         [
            979.0,
            288.0
         ],
         [
            1222.0,
            453.0
         ],
         [
            974.0,
            399.0
         ],
         [
            846.0,
            351.0
         ],
         [
            738.0,
            259.0
         ],
         [
            795.2738,
            314.8937
         ],
         [
            597.7262,
            122.1063
         ],
         [
            441.0,
            490.0
         ],
         [
            446.0,
            434.0
         ],
         [
            599.0,
            270.0
         ],
         [
            877.0,
            247.0
         ],
         [
            1112.0,
            384.0
         ],
         [
            1012.0,
            489.0
         ]
      ],
      "image": "002058449.jpg",
      "scale": 8.28087,
      "center": [
         924.0,
         445.0
      ]
   },
   {
      "joints_vis": [
         0,
         1,
         1,
         1,
         1,
         0,
         1,
         1,
         1,
         1,
         1,
         1,
         1,
         1,
         1,
         1
      ],
      "joints": [
         [
            -1.0,
            -1.0
         ],
         [
            355.0,
            408.0
         ],
         [
            269.0,
            354.0
         ],
         [
            432.0,
            333.0
         ],
         [
            464.0,
            425.0
         ],
         [
            -1.0,
            -1.0
         ],
         [
            351.0,
            344.0
         ],
         [
            310.0,
            158.0
         ],
         [
            308.4257,
            139.7834
         ],
         [
            297.5743,
            14.2166
         ],
         [
            335.0,
            328.0
         ],
         [
            212.0,
            304.0
         ],
         [
            230.0,
            168.0
         ],
         [
            389.0,
            147.0
         ],
         [
            492.0,
            259.0
         ],
         [
            413.0,
            321.0
         ]
      ],
      "image": "021233911.jpg",
      "scale": 3.781047,
      "center": [
         304.0,
         264.0
      ]
   },
   {
      "joints_vis": [
         1,
         1,
         1,
         1,
         1,
         1,
         1,
         1,
         1,
         1,
         1,
         1,
         1,
         1,
         1,
         1
      ],
      "joints": [
         [
            357.0,
            353.0
         ],
         [
            369.0,
            330.0
         ],
         [
            366.0,
            296.0
         ],
         [
            443.0,
            308.0
         ],
         [
            470.0,
            332.0
         ],
         [
            435.0,
            371.0
         ],
         [
            405.0,
            302.0
         ],
         [
            404.0,
            201.0
         ],
         [
            405.772,
            194.4489
         ],
         [
            435.228,
            85.5511
         ],
         [
            331.0,
            252.0
         ],
         [
            354.0,
            261.0
         ],
         [
            357.0,
            200.0
         ],
         [
            451.0,
            202.0
         ],
         [
            484.0,
            246.0
         ],
         [
            468.0,
            253.0
         ]
      ],
      "image": "021233911.jpg",
      "scale": 3.38434,
      "center": [
         361.0,
         303.0
      ]
   },
   {
      "joints_vis": [
         1,
         1,
         1,
         1,
         1,
         1,
         1,
         1,
         1,
         1,
         1,
         1,
         1,
         1,
         1,
         1
      ],
      "joints": [
         [
            325.0,
            349.0
         ],
         [
            341.0,
            327.0
         ],
         [
            326.0,
            302.0
         ],
         [
            385.0,
            277.0
         ],
         [
            409.0,
            302.0
         ],
         [
            399.0,
            377.0
         ],
         [
            356.0,
            290.0
         ],
         [
            314.0,
            209.0
         ],
         [
            315.2436,
            213.9744
         ],
         [
            286.7564,
            100.0256
         ],
         [
            318.0,
            325.0
         ],
         [
            280.0,
            288.0
         ],
         [
            267.0,
            231.0
         ],
         [
            360.0,
            187.0
         ],
         [
            406.0,
            218.0
         ],
         [
            374.0,
            258.0
         ]
      ],
      "image": "018182497.jpg",
      "scale": 3.523671,
      "center": [
         316.0,
         283.0
      ]
   },
   {
      "joints_vis": [
         0,
         1,
         1,
         1,
         1,
         0,
         1,
         1,
         1,
         1,
         1,
         1,
         1,
         1,
         1,
         1
      ],
      "joints": [
         [
            -1.0,
            -1.0
         ],
         [
            329.0,
            409.0
         ],
         [
            262.0,
            352.0
         ],
         [
            399.0,
            316.0
         ],
         [
            439.0,
            423.0
         ],
         [
            -1.0,
            -1.0
         ],
         [
            331.0,
            334.0
         ],
         [
            245.0,
            213.0
         ],
         [
            211.002,
            177.0151
         ],
         [
            124.998,
            85.9849
         ],
         [
            157.0,
            477.0
         ],
         [
            159.0,
            371.0
         ],
         [
            169.0,
            254.0
         ],
         [
            320.0,
            171.0
         ],
         [
            443.0,
            231.0
         ],
         [
            364.0,
            300.0
         ]
      ],
      "image": "018182497.jpg",
      "scale": 3.756978,
      "center": [
         261.0,
         296.0
      ]
   }
]